Method_Type,Wavelet_Family,Wavelet,Algorithm,Features,Feature_Count,Feature_Extractor,Strategy,Training_Timesteps,Random_Seed,Alpha,Beta,Sharpe_Ratio,Sortino_Ratio,Max_Drawdown,Win_Rate,Max_Loss,RoMaD,CAGR,Volatility,T_Statistic,P_Value,Total_Return,Best_Learning_Rate,Best_Gamma,Validation_Score
Reinforcement_Learning,Daubechies,db1,PPO,DIX,1,Advanced,Long-Only,50000,52994804,0.2624009491865843,-0.00913307179628716,0.7881370509201514,0.07094423755398617,0.3485530710515328,0.5260930888575458,-0.10297136420340786,0.7288514399529576,0.25404340773593526,0.3315094899107446,1.4221695977608853,0.15541741092880532,0.8923077294921875,0.0003,0.95,0.7433550156722369
Reinforcement_Learning,Daubechies,db1,PPO,GEX,1,Advanced,Long-Only,50000,767816917,0.08936456261418017,-0.14419723727772563,0.2095457217257406,0.012750553450235774,0.33072813185455324,0.17912552891396333,-0.15228427589955296,0.10685798042948286,0.035340940241193275,0.34162545786052523,0.44936159203098613,0.6533083583110197,0.102800224609375,0.0001,0.99,0.7433550156722369
Reinforcement_Learning,Daubechies,db1,PPO,VIX,1,Advanced,Long-Only,50000,2337719661,0.27299498262899935,-0.052932496879836984,0.7971173361320212,0.07267518252695516,0.33639395095444014,0.53737658674189,-0.09903083589135661,0.7710870758090468,0.25938902796131114,0.3342905756786597,1.436380743188179,0.1513357366894875,0.9151225,0.0001,0.99,1.031220388008539
Reinforcement_Learning,Daubechies,db1,PPO,DIX_GEX,2,Advanced,Long-Only,50000,2174482702,0.27287872007514985,-0.05289930584433092,0.7967041318239105,0.07264100825572029,0.33639395095444014,0.535966149506347,-0.09907100214959667,0.7706290722464195,0.25923495833332777,0.334323159859355,1.4356783714619652,0.15153552780359875,0.914462470703125,0.0003,0.95,0.7433550156722369
Reinforcement_Learning,Daubechies,db1,PPO,DIX_VIX,2,Advanced,Long-Only,50000,3866960342,0.27299498262899935,-0.052932496879836984,0.7971173361320212,0.07267518252695516,0.33639395095444014,0.53737658674189,-0.09903083589135661,0.7710870758090468,0.25938902796131114,0.3342905756786597,1.436380743188179,0.1513357366894875,0.9151225,0.0001,0.99,0.7433550156722369
Reinforcement_Learning,Daubechies,db1,PPO,GEX_VIX,2,Advanced,Long-Only,50000,1813273966,0.11626599278734615,-0.12788813512710168,0.2973262991127531,0.018386702732049037,0.3458717730657726,0.19605077574047955,-0.14635706358399767,0.19305423167108546,0.06677200940592876,0.3380069989309177,0.5975466800299983,0.5503335149470969,0.19974970703125,0.0001,0.99,0.7433550156722369
Reinforcement_Learning,Daubechies,db1,PPO,DIX_GEX_VIX,3,Advanced,Long-Only,50000,2390189841,0.27299498262899935,-0.052932496879836984,0.7971173361320212,0.07267518252695516,0.33639395095444014,0.53737658674189,-0.09903083589135661,0.7710870758090468,0.25938902796131114,0.3342905756786597,1.436380743188179,0.1513357366894875,0.9151225,0.0001,0.99,0.7433550156722369
Reinforcement_Learning,Daubechies,db1,A2C,DIX,1,Advanced,Long-Only,50000,1689684778,0.27299498262899935,-0.052932496879836984,0.7971173361320212,0.07267518252695516,0.33639395095444014,0.53737658674189,-0.09903083589135661,0.7710870758090468,0.25938902796131114,0.3342905756786597,1.436380743188179,0.1513357366894875,0.9151225,0.0001,0.95,0.7433550156722369
Reinforcement_Learning,Daubechies,db1,A2C,GEX,1,Advanced,Long-Only,50000,3353991684,0.27299498262899935,-0.052932496879836984,0.7971173361320212,0.07267518252695516,0.33639395095444014,0.53737658674189,-0.09903083589135661,0.7710870758090468,0.25938902796131114,0.3342905756786597,1.436380743188179,0.1513357366894875,0.9151225,0.0001,0.95,0.7433550156722369
Reinforcement_Learning,Daubechies,db1,A2C,VIX,1,Advanced,Long-Only,50000,3126620198,0.27299498262899935,-0.052932496879836984,0.7971173361320212,0.07267518252695516,0.33639395095444014,0.53737658674189,-0.09903083589135661,0.7710870758090468,0.25938902796131114,0.3342905756786597,1.436380743188179,0.1513357366894875,0.9151225,0.0003,0.95,1.3811295339487404
Reinforcement_Learning,Daubechies,db1,A2C,DIX_GEX,2,Advanced,Long-Only,50000,3787556158,0.27299498262899935,-0.052932496879836984,0.7971173361320212,0.07267518252695516,0.33639395095444014,0.53737658674189,-0.09903083589135661,0.7710870758090468,0.25938902796131114,0.3342905756786597,1.436380743188179,0.1513357366894875,0.9151225,0.0001,0.95,0.7433550156722369
Reinforcement_Learning,Daubechies,db1,A2C,DIX_VIX,2,Advanced,Long-Only,50000,1774210208,0.27299498262899935,-0.052932496879836984,0.7971173361320212,0.07267518252695516,0.33639395095444014,0.53737658674189,-0.09903083589135661,0.7710870758090468,0.25938902796131114,0.3342905756786597,1.436380743188179,0.1513357366894875,0.9151225,0.0001,0.95,0.7433550156722369
Reinforcement_Learning,Daubechies,db1,A2C,GEX_VIX,2,Advanced,Long-Only,50000,2966907935,0.2626021448573661,-0.05677680292935577,0.8027662659702911,0.06217643651092048,0.3150042740147125,0.3455571227080395,-0.10063119710203511,0.8010312423040568,0.25232826494509264,0.3184015234517988,1.450853592786653,0.1472635293561356,0.8850249462890625,0.0001,0.95,0.7433550156722369
Reinforcement_Learning,Daubechies,db1,A2C,DIX_GEX_VIX,3,Advanced,Long-Only,50000,86695889,0.27299498262899935,-0.052932496879836984,0.7971173361320212,0.07267518252695516,0.33639395095444014,0.53737658674189,-0.09903083589135661,0.7710870758090468,0.25938902796131114,0.3342905756786597,1.436380743188179,0.1513357366894875,0.9151225,0.0001,0.95,0.7433550156722369
Reinforcement_Learning,Daubechies,db1,DQN,DIX,1,Advanced,Long-Only,50000,3752258501,0.19068127254654943,0.01123957333922907,0.6369308653510332,0.046601202479259266,0.28929722520403095,0.3314527503526093,-0.12951806639343066,0.6277159643796663,0.1815964867113098,0.30155082109849995,1.1787697650887752,0.23888586379875804,0.6002177001953125,0.0001,0.95,0.7433550156722369
Reinforcement_Learning,Daubechies,db1,DQN,GEX,1,Advanced,Long-Only,50000,1037477337,0.0763153111823559,-0.14036250329306107,0.25264912916661986,0.009622750723268196,0.19978240234375,0.0380818053596615,-0.15148441291120482,0.27433854580458744,0.054808013736331374,0.23356381664523995,0.5670106023344293,0.5708866961644452,0.1622249462890625,0.0003,0.95,-0.15511493089204742
Reinforcement_Learning,Daubechies,db1,DQN,VIX,1,Advanced,Long-Only,50000,364088623,0.12344961148361037,-0.19669966161615604,0.3586982058392877,0.015222985473116391,0.25679031571361977,0.07334273624823695,-0.1453103038443103,0.33419599559813734,0.08581829521987316,0.27655019056687513,0.7224562844658301,0.4702525538839344,0.2610850146484375,0.0003,0.95,0.7801498632263912
Reinforcement_Learning,Daubechies,db1,DQN,DIX_GEX,2,Advanced,Long-Only,50000,2909091739,0.09001251046504004,-0.1369537901699317,0.2960800859047409,0.013602222549846478,0.20028019860624388,0.056417489421720736,-0.14462200918350865,0.3308398287157161,0.06626066660203933,0.2469843996129998,0.6320089163350657,0.527585073547127,0.19813013671875,0.0001,0.95,0.09185568677434203
Reinforcement_Learning,Daubechies,db1,DQN,DIX_VIX,2,Advanced,Long-Only,50000,1507108587,0.20626565018132817,-0.09570421551450142,0.5908888180931888,0.048098527667425006,0.36585384955762473,0.4682651622002821,-0.11980935660461223,0.4758110053331182,0.1740772879630048,0.3291076951840081,1.0922873114935046,0.2750783731758043,0.5716927490234375,0.0001,0.95,0.723081002880434
Reinforcement_Learning,Daubechies,db1,DQN,GEX_VIX,2,Advanced,Long-Only,50000,1896002713,0.06310529870779019,-0.15491888209315136,0.16271410057840857,0.007972153106544907,0.2685895972667624,0.06205923836389281,-0.16293033507783772,0.11246187345454361,0.030206089299021466,0.27044363568965357,0.3966920041124306,0.6917141368391359,0.08745970703125,5e-05,0.99,0.042899784544584596
Reinforcement_Learning,Daubechies,db1,DQN,DIX_GEX_VIX,3,Advanced,Long-Only,50000,1267137230,0.13259613227316405,-0.12132706129845072,0.5111840410616333,0.027458145497423984,0.1771706161771913,0.08885754583921016,-0.12520162917568414,0.6689588908648291,0.11851985889173222,0.23012737097796018,1.0025006595922665,0.31644434706878455,0.3710449462890625,5e-05,0.99,0.47287170917128435
Reinforcement_Learning,Daubechies,db2,PPO,DIX,1,Advanced,Long-Only,50000,57980383,0.2501598610290909,-0.04130979087771766,0.7038097167128572,0.06375207374720111,0.3485530710515328,0.5260930888575458,-0.10799059070549107,0.6515998635416274,0.22711713353419394,0.3482001966598696,1.2759759472443182,0.20238245879040712,0.7800525927734375,0.0003,0.95,0.7433550156722369
Reinforcement_Learning,Daubechies,db2,PPO,GEX,1,Advanced,Long-Only,50000,2084480805,0.08868235672531263,-0.13579641719726576,0.20749291700489766,0.012149777306930886,0.3259774755859375,0.16361071932299012,-0.15288075263789255,0.10418790545658332,0.033962910407323355,0.34670920209043243,0.44448190939448545,0.6568300393754032,0.09866970703125,0.0001,0.99,0.7433550156722369
Reinforcement_Learning,Daubechies,db2,PPO,VIX,1,Advanced,Long-Only,50000,3791358885,0.27299498262899935,-0.052932496879836984,0.7971173361320212,0.07267518252695516,0.33639395095444014,0.53737658674189,-0.09903083589135661,0.7710870758090468,0.25938902796131114,0.3342905756786597,1.436380743188179,0.1513357366894875,0.9151225,0.0003,0.95,0.7433550156722369
Reinforcement_Learning,Daubechies,db2,PPO,DIX_GEX,2,Advanced,Long-Only,50000,1491623949,0.25553227447271265,-0.048491419038540075,0.7661356995965614,0.06299053586124878,0.32773824589170786,0.37940761636107195,-0.10105349620655149,0.73795661817148,0.24185660758369765,0.3257303580416743,1.3870858709935312,0.16585208118177502,0.8409525048828125,0.0003,0.95,0.7433550156722369
Reinforcement_Learning,Daubechies,db2,PPO,DIX_VIX,2,Advanced,Long-Only,50000,1484189855,0.2026100021782792,-0.07840418761611023,0.5199409602794449,0.04509925978170631,0.3653502816401873,0.46262341325811,-0.13250183698752008,0.4265550307782823,0.15584200062988418,0.371087073442849,0.961844029752519,0.33645633427741684,0.503882646484375,0.0003,0.95,0.7433550156722369
Reinforcement_Learning,Daubechies,db2,PPO,GEX_VIX,2,Advanced,Long-Only,50000,610614374,0.11977934866544485,0.0023272683449225224,0.6445022977820037,0.03395527857790681,0.1735824839478853,0.12834978843441466,-0.1066380267324125,0.751235508732252,0.1304013256355976,0.18629302541334003,1.2602403083808722,0.20799788917028933,0.4124754296875,0.0003,0.95,0.7433550156722369
Reinforcement_Learning,Daubechies,db2,PPO,DIX_GEX_VIX,3,Advanced,Long-Only,50000,2653564144,0.2644439480976583,-0.05031599181244922,0.7717307174677774,0.06975285994791657,0.33639395095444014,0.5218617771509168,-0.1004409242147486,0.7401248163742717,0.24897351117957078,0.3346249770009018,1.3937284068360674,0.1638369406570275,0.870832421875,0.0001,0.99,0.7433550156722369
Reinforcement_Learning,Daubechies,db2,A2C,DIX,1,Advanced,Long-Only,50000,3178472144,0.27299498262899935,-0.052932496879836984,0.7971173361320212,0.07267518252695516,0.33639395095444014,0.53737658674189,-0.09903083589135661,0.7710870758090468,0.25938902796131114,0.3342905756786597,1.436380743188179,0.1513357366894875,0.9151225,0.0001,0.95,0.7433550156722369
Reinforcement_Learning,Daubechies,db2,A2C,GEX,1,Advanced,Long-Only,50000,311556625,0.1015308347323466,-0.11844290532101454,0.2764460231004528,0.01622951762525531,0.29937812195098235,0.1622002820874471,-0.14196741223817452,0.2018226116024951,0.06042127442879752,0.3144474106469677,0.5699788066711551,0.5688728870092326,0.17973501953125,0.0001,0.95,0.7433550156722369
Reinforcement_Learning,Daubechies,db2,A2C,VIX,1,Advanced,Long-Only,50000,2431208438,0.27299498262899935,-0.052932496879836984,0.7971173361320212,0.07267518252695516,0.33639395095444014,0.53737658674189,-0.09903083589135661,0.7710870758090468,0.25938902796131114,0.3342905756786597,1.436380743188179,0.1513357366894875,0.9151225,0.0001,0.95,0.7433550156722369
Reinforcement_Learning,Daubechies,db2,A2C,DIX_GEX,2,Advanced,Long-Only,50000,3476286141,0.27299498262899935,-0.052932496879836984,0.7971173361320212,0.07267518252695516,0.33639395095444014,0.53737658674189,-0.09903083589135661,0.7710870758090468,0.25938902796131114,0.3342905756786597,1.436380743188179,0.1513357366894875,0.9151225,0.0001,0.95,0.7433550156722369
Reinforcement_Learning,Daubechies,db2,A2C,DIX_VIX,2,Advanced,Long-Only,50000,2743912420,0.27299498262899935,-0.052932496879836984,0.7971173361320212,0.07267518252695516,0.33639395095444014,0.53737658674189,-0.09903083589135661,0.7710870758090468,0.25938902796131114,0.3342905756786597,1.436380743188179,0.1513357366894875,0.9151225,0.0001,0.95,0.7433550156722369
Reinforcement_Learning,Daubechies,db2,A2C,GEX_VIX,2,Advanced,Long-Only,50000,4057095557,0.27299498262899935,-0.052932496879836984,0.7971173361320212,0.07267518252695516,0.33639395095444014,0.53737658674189,-0.09903083589135661,0.7710870758090468,0.25938902796131114,0.3342905756786597,1.436380743188179,0.1513357366894875,0.9151225,0.0001,0.95,0.7433550156722369
Reinforcement_Learning,Daubechies,db2,A2C,DIX_GEX_VIX,3,Advanced,Long-Only,50000,4016559600,0.27299498262899935,-0.052932496879836984,0.7971173361320212,0.07267518252695516,0.33639395095444014,0.53737658674189,-0.09903083589135661,0.7710870758090468,0.25938902796131114,0.3342905756786597,1.436380743188179,0.1513357366894875,0.9151225,0.0001,0.95,0.7433550156722369
Reinforcement_Learning,Daubechies,db2,DQN,DIX,1,Advanced,Long-Only,50000,3539787218,0.15180026511469136,0.002242397186814378,0.4322714433598795,0.03274468466709567,0.35789383709300204,0.3554301833568406,-0.15921592787205027,0.32872056780538483,0.11764706534325953,0.35180842446200034,0.8198459992725519,0.41257981403355015,0.3680328466796875,5e-05,0.99,0.549259707999088
Reinforcement_Learning,Daubechies,db2,DQN,GEX,1,Advanced,Long-Only,50000,2494141467,0.08249989298338423,-0.1378215879088629,0.2864618514175719,0.01076717843117187,0.19978240234375,0.0380818053596615,-0.14803891994872248,0.314005924802249,0.06273285800716422,0.22867810030149865,0.6267527610473247,0.531023349845537,0.1869949658203125,0.0001,0.95,-0.1625732073279016
Reinforcement_Learning,Daubechies,db2,DQN,VIX,1,Advanced,Long-Only,50000,3611779853,-0.02,0.0,0.0,-1.2598815766974245,0.0,0.0,0.0,0.0,0.0,0.0,0.0,1.0,0.0,5e-05,0.99,0.48242701617651534
Reinforcement_Learning,Daubechies,db2,DQN,DIX_GEX,2,Advanced,Long-Only,50000,3597282565,0.09199838748098281,-0.14912829263990227,0.29777364230784603,0.014351484930647952,0.20129255354323217,0.06629055007052186,-0.14445615549821578,0.3311836407550841,0.06666480073933534,0.24720796727057723,0.6347248431060212,0.525812937929015,0.199410029296875,5e-05,0.99,0.19551135051455154
Reinforcement_Learning,Daubechies,db2,DQN,DIX_VIX,2,Advanced,Long-Only,50000,2679780458,0.0933869258518748,-0.15494243111403197,0.22669348724612878,0.009829473650256111,0.3304047526089634,0.08744710860366714,-0.1719564781165925,0.1325500228116499,0.04379515749539564,0.3276835059174353,0.48227913245673737,0.6297567303039584,0.128360322265625,0.0003,0.95,0.6554936126429658
Reinforcement_Learning,Daubechies,db2,DQN,GEX_VIX,2,Advanced,Long-Only,50000,3933450177,0.05890202043542798,-0.17239174419001307,0.14514114691940397,0.006958165621236295,0.24734080353017593,0.06205923836389281,-0.15503671949488546,0.10627886318629766,0.026287099418772497,0.25938506106054593,0.3725216039121538,0.7096160146907486,0.0758447216796875,5e-05,0.99,0.3780063106971856
Reinforcement_Learning,Daubechies,db2,DQN,DIX_GEX_VIX,3,Advanced,Long-Only,50000,527860966,0.1748869223406057,-0.11615578500665573,0.7418817745304337,0.04086498892390086,0.1735824839478853,0.10578279266572638,-0.10925995748312996,0.983297865983575,0.1706832860380838,0.21643045239726644,1.398406735330447,0.16242881527789824,0.558925439453125,5e-05,0.99,0.6079392810853004
Reinforcement_Learning,Daubechies,db4,PPO,DIX,1,Advanced,Long-Only,50000,3139164481,0.25961957906566946,-0.04279834020527858,0.762988841588504,0.06893922874742928,0.3485530710515328,0.5260930888575458,-0.10297136420340786,0.7020243954714602,0.24469275899467324,0.33335071139795075,1.3794585482354687,0.16818895642514448,0.8528227392578125,0.0003,0.95,0.7433550156722369
Reinforcement_Learning,Daubechies,db4,PPO,GEX,1,Advanced,Long-Only,50000,1656372753,0.12431012849358691,-0.12421437326536051,0.3269512810254542,0.021005237135834506,0.3150042740147125,0.20310296191819463,-0.1375922321785329,0.24538470068297738,0.07729722949295881,0.3333690939878175,0.6485827942902181,0.5168183833697542,0.23340046875,0.0001,0.99,0.7433550156722369
Reinforcement_Learning,Daubechies,db4,PPO,VIX,1,Advanced,Long-Only,50000,592438256,0.27299498262899935,-0.052932496879836984,0.7971173361320212,0.07267518252695516,0.33639395095444014,0.53737658674189,-0.09903083589135661,0.7710870758090468,0.25938902796131114,0.3342905756786597,1.436380743188179,0.1513357366894875,0.9151225,0.0003,0.95,0.7433550156722369
Reinforcement_Learning,Daubechies,db4,PPO,DIX_GEX,2,Advanced,Long-Only,50000,1616416230,0.27287872007514985,-0.05289930584433092,0.7967041318239105,0.07264100825572029,0.33639395095444014,0.535966149506347,-0.09907100214959667,0.7706290722464195,0.25923495833332777,0.334323159859355,1.4356783714619652,0.15153552780359875,0.914462470703125,0.0003,0.95,0.8190999966700673
Reinforcement_Learning,Daubechies,db4,PPO,DIX_VIX,2,Advanced,Long-Only,50000,209515559,0.26707910987290756,-0.05404127672798119,0.7733063993498606,0.07045182806293085,0.33639395095444014,0.5345557122708039,-0.10130589718180981,0.7455625214058478,0.2508027222592675,0.3367568619899358,1.3957352939085643,0.1632317647539034,0.878562451171875,0.0003,0.95,0.5353026167746916
Reinforcement_Learning,Daubechies,db4,PPO,GEX_VIX,2,Advanced,Long-Only,50000,1002414995,0.2696487582257233,-0.052473484166238996,0.8012317193353574,0.07138796916134026,0.33639395095444014,0.5176304654442877,-0.09947749553068552,0.7660090715783633,0.25768081805518817,0.3284682510181574,1.4450546857894206,0.1488849643533068,0.9078127880859375,0.0001,0.99,0.7433550156722369
Reinforcement_Learning,Daubechies,db4,PPO,DIX_GEX_VIX,3,Advanced,Long-Only,50000,2003434992,0.09491736900805489,-0.15495068516216282,0.20918089782272573,0.013509328925826665,0.33478468515583304,0.20310296191819463,-0.15864312378176598,0.09674688989924897,0.03238937707472611,0.36242861061475196,0.44311756665862817,0.6578160617765048,0.0939654052734375,0.0003,0.95,1.0403471488444747
Reinforcement_Learning,Daubechies,db4,A2C,DIX,1,Advanced,Long-Only,50000,2736836338,0.27299498262899935,-0.052932496879836984,0.7971173361320212,0.07267518252695516,0.33639395095444014,0.53737658674189,-0.09903083589135661,0.7710870758090468,0.25938902796131114,0.3342905756786597,1.436380743188179,0.1513357366894875,0.9151225,0.0001,0.95,0.7433550156722369
Reinforcement_Learning,Daubechies,db4,A2C,GEX,1,Advanced,Long-Only,50000,2137333202,0.07879805315249466,-0.14398768027798578,0.17213084950654273,0.01008592253470471,0.3349086058990336,0.1622002820874471,-0.15903524116153225,0.060209432103101895,0.020164656967622374,0.35464578607332387,0.38304549204905075,0.7018010103321943,0.057859892578125,0.0001,0.95,0.7433550156722369
Reinforcement_Learning,Daubechies,db4,A2C,VIX,1,Advanced,Long-Only,50000,992679061,0.27299498262899935,-0.052932496879836984,0.7971173361320212,0.07267518252695516,0.33639395095444014,0.53737658674189,-0.09903083589135661,0.7710870758090468,0.25938902796131114,0.3342905756786597,1.436380743188179,0.1513357366894875,0.9151225,0.0001,0.95,0.7433550156722369
Reinforcement_Learning,Daubechies,db4,A2C,DIX_GEX,2,Advanced,Long-Only,50000,2746556356,0.27299498262899935,-0.052932496879836984,0.7971173361320212,0.07267518252695516,0.33639395095444014,0.53737658674189,-0.09903083589135661,0.7710870758090468,0.25938902796131114,0.3342905756786597,1.436380743188179,0.1513357366894875,0.9151225,0.0001,0.95,0.7433550156722369
Reinforcement_Learning,Daubechies,db4,A2C,DIX_VIX,2,Advanced,Long-Only,50000,1362430017,0.27299498262899935,-0.052932496879836984,0.7971173361320212,0.07267518252695516,0.33639395095444014,0.53737658674189,-0.09903083589135661,0.7710870758090468,0.25938902796131114,0.3342905756786597,1.436380743188179,0.1513357366894875,0.9151225,0.0001,0.95,0.7433550156722369
Reinforcement_Learning,Daubechies,db4,A2C,GEX_VIX,2,Advanced,Long-Only,50000,4006426147,0.27299498262899935,-0.052932496879836984,0.7971173361320212,0.07267518252695516,0.33639395095444014,0.53737658674189,-0.09903083589135661,0.7710870758090468,0.25938902796131114,0.3342905756786597,1.436380743188179,0.1513357366894875,0.9151225,5e-05,0.99,0.7433550156722369
Reinforcement_Learning,Daubechies,db4,A2C,DIX_GEX_VIX,3,Advanced,Long-Only,50000,938115532,0.27299498262899935,-0.052932496879836984,0.7971173361320212,0.07267518252695516,0.33639395095444014,0.53737658674189,-0.09903083589135661,0.7710870758090468,0.25938902796131114,0.3342905756786597,1.436380743188179,0.1513357366894875,0.9151225,0.0001,0.95,0.7433550156722369
Reinforcement_Learning,Daubechies,db4,DQN,DIX,1,Advanced,Long-Only,50000,396035794,0.14691666767138592,-0.0011109538131985068,0.41009097291126606,0.03092100897686676,0.38052996799785915,0.3526093088857546,-0.1637278359677897,0.2877612094835189,0.10950176383578869,0.357919840505392,0.7810408736954304,0.4350395277761423,0.34012818359375,5e-05,0.99,0.9549697506140356
Reinforcement_Learning,Daubechies,db4,DQN,GEX,1,Advanced,Long-Only,50000,3116774144,0.07192509882635778,-0.14721460242961068,0.22604357334703357,0.008725877713489254,0.19978240234375,0.0380818053596615,-0.15437089008664145,0.24207320409616898,0.04836196625738154,0.23789515731098926,0.519802113529305,0.6033639810036352,0.142324921875,5e-05,0.99,0.2998045237449237
Reinforcement_Learning,Daubechies,db4,DQN,VIX,1,Advanced,Long-Only,50000,357105565,0.07169254311101492,-0.14714130551535023,0.35930068985773167,0.010760398921391731,0.039992490234375,0.0014104372355430183,-0.039750027116221845,1.6484518724361652,0.06592569541024051,0.1490427215482452,0.8271705609112135,0.4084190913452188,0.197069951171875,0.0001,0.95,1.0436291164620606
Reinforcement_Learning,Daubechies,db4,DQN,DIX_GEX,2,Advanced,Long-Only,50000,713904808,0.08756393876538118,-0.1569081131116262,0.27050397949582977,0.013070961978463004,0.19807383981030133,0.06346967559943582,-0.14733476017881303,0.30161117795540765,0.059741284147335705,0.2521899169447976,0.5863375379652868,0.5578355930303904,0.177604853515625,0.0003,0.95,0.34921138041441957
Reinforcement_Learning,Daubechies,db4,DQN,DIX_VIX,2,Advanced,Long-Only,50000,2663820204,0.07307154990980254,-0.13548135711660603,0.17724029882556475,0.007667585086865168,0.37497883905112206,0.06205923836389281,-0.17187864109270085,0.07641469432440856,0.02865389336421309,0.31803005149023333,0.4024928270624218,0.6874428576534252,0.0828497314453125,5e-05,0.99,0.8730210350817122
Reinforcement_Learning,Daubechies,db4,DQN,GEX_VIX,2,Advanced,Long-Only,50000,2814978457,0.09824098438947063,-0.15037273297968656,0.32641664242007723,0.015960045866254977,0.19807383981030133,0.06770098730606489,-0.14154299888614438,0.3729460670641727,0.07387085954555084,0.24417009875376977,0.6844223681083238,0.4939324664289806,0.2223798828125,5e-05,0.99,-0.32881621736300826
Reinforcement_Learning,Daubechies,db4,DQN,DIX_GEX_VIX,3,Advanced,Long-Only,50000,1386090432,0.1504089036640516,-0.1158323600860427,0.6080262433378038,0.032491267010326785,0.1771706161771913,0.08744710860366714,-0.11801885314170542,0.794752069753013,0.14080671390623944,0.22388452259300406,1.168885987305762,0.24284297135417032,0.4494149365234375,0.0001,0.95,0.19307412034110555
Reinforcement_Learning,Symlets,sym4,PPO,DIX,1,Advanced,Long-Only,50000,2987166929,0.2539321371329327,-0.038244894228912085,0.7204810371637668,0.06513092277362767,0.3485530710515328,0.5260930888575458,-0.10622457302879436,0.6689453611970123,0.23316296001089554,0.3459033939631384,1.3045590775154445,0.1924669248104457,0.8048726611328125,0.0003,0.95,0.5386831794175108
Reinforcement_Learning,Symlets,sym4,PPO,GEX,1,Advanced,Long-Only,50000,3862560336,0.15828113655692963,-0.16428280030606948,0.49214368799727526,0.03014543359749265,0.2373723681640625,0.15655853314527504,-0.1189167809757526,0.5342139126754358,0.12680762155795788,0.28045941685559395,0.9444430840977662,0.3452654552956872,0.399860263671875,0.0001,0.99,0.7433550156722369
Reinforcement_Learning,Symlets,sym4,PPO,VIX,1,Advanced,Long-Only,50000,2128884555,0.27299498262899935,-0.052932496879836984,0.7971173361320212,0.07267518252695516,0.33639395095444014,0.53737658674189,-0.09903083589135661,0.7710870758090468,0.25938902796131114,0.3342905756786597,1.436380743188179,0.1513357366894875,0.9151225,0.0003,0.95,0.7433550156722369
Reinforcement_Learning,Symlets,sym4,PPO,DIX_GEX,2,Advanced,Long-Only,50000,1730562365,0.2310926503767675,-0.05797487740126338,0.677068754798027,0.0545245480785629,0.3106668200619156,0.35966149506346967,-0.11041578302371394,0.671678063212193,0.20866808800347836,0.33075635617820237,1.2362312404808533,0.21678258546779539,0.705677275390625,0.0001,0.99,0.7433550156722369
Reinforcement_Learning,Symlets,sym4,PPO,DIX_VIX,2,Advanced,Long-Only,50000,1065480510,0.2669612808368631,-0.054008669077326446,0.7728888085166061,0.070418530405967,0.33639395095444014,0.5331452750352609,-0.10134793053019323,0.7450987866678941,0.2506467246985724,0.33679156014394057,1.3950250874989274,0.16344573379254485,0.877902421875,0.0003,0.95,0.7433550156722369
Reinforcement_Learning,Symlets,sym4,PPO,GEX_VIX,2,Advanced,Long-Only,50000,3908929084,0.09874438718176515,-0.13360864506790376,0.23561347535767602,0.014241832696988308,0.36485139927135796,0.1861777150916784,-0.15646312795864648,0.12025096577029985,0.04387373312502607,0.34917981448329843,0.49093243405564085,0.6236263664709045,0.128599658203125,0.0001,0.99,0.7433550156722369
Reinforcement_Learning,Symlets,sym4,PPO,DIX_GEX_VIX,3,Advanced,Long-Only,50000,6673492,0.2466152913337217,-0.057032028148690954,0.7016236200052571,0.06187886283040301,0.33639395095444014,0.4781382228490832,-0.10759203799660486,0.663550321364792,0.2232143142609908,0.34147037585494616,1.274209130854519,0.20300739200154222,0.76414783203125,0.0003,0.95,0.7433550156722369
Reinforcement_Learning,Symlets,sym4,A2C,DIX,1,Advanced,Long-Only,50000,2829017522,0.27299498262899935,-0.052932496879836984,0.7971173361320212,0.07267518252695516,0.33639395095444014,0.53737658674189,-0.09903083589135661,0.7710870758090468,0.25938902796131114,0.3342905756786597,1.436380743188179,0.1513357366894875,0.9151225,0.0001,0.95,0.7433550156722369
Reinforcement_Learning,Symlets,sym4,A2C,GEX,1,Advanced,Long-Only,50000,908758859,0.27299498262899935,-0.052932496879836984,0.7971173361320212,0.07267518252695516,0.33639395095444014,0.53737658674189,-0.09903083589135661,0.7710870758090468,0.25938902796131114,0.3342905756786597,1.436380743188179,0.1513357366894875,0.9151225,0.0001,0.95,0.7433550156722369
Reinforcement_Learning,Symlets,sym4,A2C,VIX,1,Advanced,Long-Only,50000,1972856755,0.27299498262899935,-0.052932496879836984,0.7971173361320212,0.07267518252695516,0.33639395095444014,0.53737658674189,-0.09903083589135661,0.7710870758090468,0.25938902796131114,0.3342905756786597,1.436380743188179,0.1513357366894875,0.9151225,0.0001,0.95,0.7433550156722369
Reinforcement_Learning,Symlets,sym4,A2C,DIX_GEX,2,Advanced,Long-Only,50000,2903342240,0.27299498262899935,-0.052932496879836984,0.7971173361320212,0.07267518252695516,0.33639395095444014,0.53737658674189,-0.09903083589135661,0.7710870758090468,0.25938902796131114,0.3342905756786597,1.436380743188179,0.1513357366894875,0.9151225,0.0001,0.95,0.7433550156722369
Reinforcement_Learning,Symlets,sym4,A2C,DIX_VIX,2,Advanced,Long-Only,50000,2062912148,0.27299498262899935,-0.052932496879836984,0.7971173361320212,0.07267518252695516,0.33639395095444014,0.53737658674189,-0.09903083589135661,0.7710870758090468,0.25938902796131114,0.3342905756786597,1.436380743188179,0.1513357366894875,0.9151225,0.0001,0.95,0.7433550156722369
Reinforcement_Learning,Symlets,sym4,A2C,GEX_VIX,2,Advanced,Long-Only,50000,3647255228,0.27299498262899935,-0.052932496879836984,0.7971173361320212,0.07267518252695516,0.33639395095444014,0.53737658674189,-0.09903083589135661,0.7710870758090468,0.25938902796131114,0.3342905756786597,1.436380743188179,0.1513357366894875,0.9151225,0.0001,0.95,0.7433550156722369
Reinforcement_Learning,Symlets,sym4,A2C,DIX_GEX_VIX,3,Advanced,Long-Only,50000,940893271,0.27299498262899935,-0.052932496879836984,0.7971173361320212,0.07267518252695516,0.33639395095444014,0.53737658674189,-0.09903083589135661,0.7710870758090468,0.25938902796131114,0.3342905756786597,1.436380743188179,0.1513357366894875,0.9151225,0.0001,0.95,0.7433550156722369
Reinforcement_Learning,Symlets,sym4,DQN,DIX,1,Advanced,Long-Only,50000,2851806957,0.27715028144071563,0.006855302152345139,0.8304244037622763,0.07437407540679321,0.39379391566955313,0.5190409026798307,-0.09802258364148077,0.6951619756111304,0.2737505564004894,0.3347631478219591,1.4920672676096025,0.13612694563134953,0.9772932763671875,0.0001,0.95,0.8895150808435652
Reinforcement_Learning,Symlets,sym4,DQN,GEX,1,Advanced,Long-Only,50000,4266295929,0.07761738569516166,-0.1418530179178945,0.25731908881363413,0.009971267328376011,0.19978240234375,0.04090267983074753,-0.1509857434249075,0.28000058386251137,0.05593918930170516,0.23367096739442633,0.5747724019023037,0.5656278224133753,0.1657399658203125,0.0001,0.95,0.20190169379270245
Reinforcement_Learning,Symlets,sym4,DQN,VIX,1,Advanced,Long-Only,50000,374479081,0.15902005186463078,-0.15406455238700095,0.4433562304997741,0.02200025775580994,0.3139636005227161,0.1227080394922426,-0.1484732366736604,0.37541444354926157,0.11786647038495812,0.31582972954837096,0.8492809811954414,0.39601203267536633,0.3687896337890625,0.0001,0.95,0.6929698483720792
Reinforcement_Learning,Symlets,sym4,DQN,DIX_GEX,2,Advanced,Long-Only,50000,2342402617,0.1621540127293762,-0.09783050773738536,0.672909688577704,0.03472174996329401,0.1771706161771913,0.08603667136812412,-0.11858221656173348,0.8863800382840925,0.15704049754995508,0.22304964048397952,1.278201706421908,0.2015971960004002,0.508280283203125,0.0001,0.95,0.404232214059055
Reinforcement_Learning,Symlets,sym4,DQN,DIX_VIX,2,Advanced,Long-Only,50000,3695028180,0.21526167072380334,-0.0809191838732692,0.6174523424777479,0.05152687583269495,0.34463924261746687,0.43441466854724964,-0.11908815110686534,0.5392452261145623,0.1858450663132074,0.332470935900957,1.1357817033897797,0.2564322568380734,0.6164817822265625,0.0001,0.95,0.3615365332310333
Reinforcement_Learning,Symlets,sym4,DQN,GEX_VIX,2,Advanced,Long-Only,50000,1475837490,0.038795111271964694,-0.17102656054840698,0.06423715975021087,0.00281166238893238,0.297272421875,0.05077574047954866,-0.17724220948829558,0.009004141057886302,0.002676682819181986,0.27567926098904916,0.2292744086534972,0.8187218578442315,0.0075598046875,0.0001,0.95,0.2342863451125145
Reinforcement_Learning,Symlets,sym4,DQN,DIX_GEX_VIX,3,Advanced,Long-Only,50000,3796186607,0.14226201470680486,-0.10443170893061594,0.5677302124770892,0.029813946920743385,0.1771706161771913,0.08885754583921016,-0.12077191269872393,0.7460669414941518,0.1321811397339514,0.22790118607550622,1.0987042437532717,0.27227057185856335,0.4187502587890625,0.0003,0.95,0.8865723558273408
Reinforcement_Learning,Coiflets,coif1,PPO,DIX,1,Advanced,Long-Only,50000,4111882239,0.26033138982633114,-0.05015814242095258,0.7547862212052101,0.06832180832308249,0.3154066073436759,0.5289139633286318,-0.10342851808472833,0.7705632020197973,0.24304072529294385,0.336714250720461,1.3647050465230766,0.17277932951503142,0.8459024462890625,0.0003,0.95,0.7433550156722369
Reinforcement_Learning,Coiflets,coif1,PPO,GEX,1,Advanced,Long-Only,50000,1786422887,0.13202525518638203,-0.1835727600480084,0.37406911898228473,0.02239705495523419,0.2373723681640625,0.14386459802538787,-0.13044501674897446,0.38582718357463675,0.09158471226718201,0.2924383255916805,0.7416346090792109,0.4585546819251547,0.280045302734375,0.0001,0.99,0.7433550156722369
Reinforcement_Learning,Coiflets,coif1,PPO,VIX,1,Advanced,Long-Only,50000,3242226399,0.27299498262899935,-0.052932496879836984,0.7971173361320212,0.07267518252695516,0.33639395095444014,0.53737658674189,-0.09903083589135661,0.7710870758090468,0.25938902796131114,0.3342905756786597,1.436380743188179,0.1513357366894875,0.9151225,0.0003,0.95,0.22110745618986716
Reinforcement_Learning,Coiflets,coif1,PPO,DIX_GEX,2,Advanced,Long-Only,50000,2969391155,0.11478639155509285,-0.1264549367679065,0.29909525126168185,0.01889279057728622,0.31234965700070705,0.19746121297602257,-0.14137166020459344,0.21612187452312323,0.06750559337764739,0.3316517756205514,0.6024122384959529,0.547092649779811,0.20207564453125,0.0003,0.95,0.7433550156722369
Reinforcement_Learning,Coiflets,coif1,PPO,DIX_VIX,2,Advanced,Long-Only,50000,1211761142,0.24994258939949757,-0.05895091422578998,0.7053269925752494,0.06274446630203788,0.33639395095444014,0.4908321579689704,-0.10834735465210832,0.6715735130442672,0.22591326740931428,0.34405941920325167,1.2796778355980896,0.2010776371377069,0.77513677734375,0.0001,0.99,0.7433550156722369
Reinforcement_Learning,Coiflets,coif1,PPO,GEX_VIX,2,Advanced,Long-Only,50000,2776594168,0.27299498262899935,-0.052932496879836984,0.7971173361320212,0.07267518252695516,0.33639395095444014,0.53737658674189,-0.09903083589135661,0.7710870758090468,0.25938902796131114,0.3342905756786597,1.436380743188179,0.1513357366894875,0.9151225,0.0001,0.99,0.7433550156722369
Reinforcement_Learning,Coiflets,coif1,PPO,DIX_GEX_VIX,3,Advanced,Long-Only,50000,695822010,0.24339836608689358,-0.050492497588670894,0.7103590755798257,0.058919466433897456,0.33639395095444014,0.38787023977433005,-0.1064240752297149,0.6641205899855749,0.22340614917544133,0.33387766542649605,1.2910837401492454,0.1970960308615377,0.7649274462890625,0.0003,0.95,0.7433550156722369
Reinforcement_Learning,Coiflets,coif1,A2C,DIX,1,Advanced,Long-Only,50000,3532016838,0.27299498262899935,-0.052932496879836984,0.7971173361320212,0.07267518252695516,0.33639395095444014,0.53737658674189,-0.09903083589135661,0.7710870758090468,0.25938902796131114,0.3342905756786597,1.436380743188179,0.1513357366894875,0.9151225,0.0001,0.95,0.7433550156722369
Reinforcement_Learning,Coiflets,coif1,A2C,GEX,1,Advanced,Long-Only,50000,3355884099,0.07879805315249466,-0.14398768027798578,0.17213084950654273,0.01008592253470471,0.3349086058990336,0.1622002820874471,-0.15903524116153225,0.060209432103101895,0.020164656967622374,0.35464578607332387,0.38304549204905075,0.7018010103321943,0.057859892578125,0.0001,0.95,0.7433550156722369
Reinforcement_Learning,Coiflets,coif1,A2C,VIX,1,Advanced,Long-Only,50000,3060807301,0.27299498262899935,-0.052932496879836984,0.7971173361320212,0.07267518252695516,0.33639395095444014,0.53737658674189,-0.09903083589135661,0.7710870758090468,0.25938902796131114,0.3342905756786597,1.436380743188179,0.1513357366894875,0.9151225,0.0001,0.95,0.7433550156722369
Reinforcement_Learning,Coiflets,coif1,A2C,DIX_GEX,2,Advanced,Long-Only,50000,1152078862,0.27299498262899935,-0.052932496879836984,0.7971173361320212,0.07267518252695516,0.33639395095444014,0.53737658674189,-0.09903083589135661,0.7710870758090468,0.25938902796131114,0.3342905756786597,1.436380743188179,0.1513357366894875,0.9151225,5e-05,0.99,0.7433550156722369
Reinforcement_Learning,Coiflets,coif1,A2C,DIX_VIX,2,Advanced,Long-Only,50000,3741325417,0.27299498262899935,-0.052932496879836984,0.7971173361320212,0.07267518252695516,0.33639395095444014,0.53737658674189,-0.09903083589135661,0.7710870758090468,0.25938902796131114,0.3342905756786597,1.436380743188179,0.1513357366894875,0.9151225,0.0001,0.95,0.7433550156722369
Reinforcement_Learning,Coiflets,coif1,A2C,GEX_VIX,2,Advanced,Long-Only,50000,3808232421,0.27299498262899935,-0.052932496879836984,0.7971173361320212,0.07267518252695516,0.33639395095444014,0.53737658674189,-0.09903083589135661,0.7710870758090468,0.25938902796131114,0.3342905756786597,1.436380743188179,0.1513357366894875,0.9151225,5e-05,0.99,0.7433550156722369
Reinforcement_Learning,Coiflets,coif1,A2C,DIX_GEX_VIX,3,Advanced,Long-Only,50000,465594617,0.27299498262899935,-0.052932496879836984,0.7971173361320212,0.07267518252695516,0.33639395095444014,0.53737658674189,-0.09903083589135661,0.7710870758090468,0.25938902796131114,0.3342905756786597,1.436380743188179,0.1513357366894875,0.9151225,0.0001,0.95,0.7433550156722369
Reinforcement_Learning,Coiflets,coif1,DQN,DIX,1,Advanced,Long-Only,50000,1756567941,0.14800237782495132,0.02475898385355693,0.5060817082950424,0.030309783033011687,0.29417873122428273,0.19322990126939352,-0.15798628141180387,0.4625046121427235,0.1360590199855254,0.29847941052040505,0.9605891505746833,0.33708671915015465,0.4324841357421875,0.0003,0.95,0.7811484565048621
Reinforcement_Learning,Coiflets,coif1,DQN,GEX,1,Advanced,Long-Only,50000,3488592508,0.057000969924901716,-0.14685796882743354,0.1531258420526946,0.00631655922965896,0.2202572998046875,0.045133991537376586,-0.16340672853447655,0.13273236020473278,0.0292352712553976,0.2540035842145503,0.3886434443147272,0.6976567678664248,0.0845749267578125,0.0001,0.95,-0.03657642394916738
Reinforcement_Learning,Coiflets,coif1,DQN,VIX,1,Advanced,Long-Only,50000,2002235062,0.06056835747541585,-0.15971934721182443,0.25802735332659493,0.005053235969029382,0.07887997817983992,0.0028208744710860366,-0.07887997817983992,0.6459671558773292,0.050953875160496986,0.15841805443694776,0.6441086867234129,0.5197135631563176,0.150299931640625,0.0003,0.95,0.7449646761673017
Reinforcement_Learning,Coiflets,coif1,DQN,DIX_GEX,2,Advanced,Long-Only,50000,4208426628,0.1022524473602315,-0.1424058074848002,0.3458012324662106,0.01677931714481374,0.19807383981030133,0.0691114245416079,-0.14211818409565644,0.39911296522517714,0.0790538375402261,0.24492367124989253,0.7164916852684513,0.4739240690102695,0.2390751904296875,5e-05,0.99,0.25083728842781366
Reinforcement_Learning,Coiflets,coif1,DQN,DIX_VIX,2,Advanced,Long-Only,50000,845754512,0.15686250244512334,-0.1409467370646547,0.4647469575468136,0.02220886969214143,0.27984722076019225,0.11283497884344147,-0.14121757604724838,0.43750231411723517,0.12243380668186088,0.30013075362997155,0.8906873956405772,0.3733994658703397,0.3846049853515625,5e-05,0.99,0.635300116311694
Reinforcement_Learning,Coiflets,coif1,DQN,GEX_VIX,2,Advanced,Long-Only,50000,672610630,0.06041455330799115,-0.1554128953274573,0.15829908554248354,0.007885544068333,0.27543022195601974,0.06770098730606489,-0.15358855297611804,0.10745785049155174,0.02959713961180488,0.2606037765019119,0.39397206133227264,0.6937202932913366,0.085649638671875,5e-05,0.99,-0.08197056204669584
Reinforcement_Learning,Coiflets,coif1,DQN,DIX_GEX_VIX,3,Advanced,Long-Only,50000,1704383339,0.20499435453389922,-0.09932972443538414,0.8981127632214899,0.05599376519960733,0.1771706161771913,0.152327221438646,-0.10027097703241201,1.1808494860847054,0.2092118310621469,0.21461421319637303,1.661586222065092,0.0970384526650179,0.707840087890625,0.0001,0.95,0.5458350109883138
Reinforcement_Learning,Coiflets,coif4,PPO,DIX,1,Advanced,Long-Only,50000,886202910,0.2534990902287533,-0.038637281291059235,0.7185602681454246,0.06498657430533203,0.3485530710515328,0.5260930888575458,-0.10642617392321198,0.6669440791593397,0.23246540701062446,0.34615803553155083,1.3012682618274036,0.19358994071533464,0.8019976611328125,0.0001,0.99,0.7433550156722369
Reinforcement_Learning,Coiflets,coif4,PPO,GEX,1,Advanced,Long-Only,50000,1622592684,0.27299498262899935,-0.052932496879836984,0.7971173361320212,0.07267518252695516,0.33639395095444014,0.53737658674189,-0.09903083589135661,0.7710870758090468,0.25938902796131114,0.3342905756786597,1.436380743188179,0.1513357366894875,0.9151225,0.0001,0.99,0.7433550156722369
Reinforcement_Learning,Coiflets,coif4,PPO,VIX,1,Advanced,Long-Only,50000,1217234770,0.27299498262899935,-0.052932496879836984,0.7971173361320212,0.07267518252695516,0.33639395095444014,0.53737658674189,-0.09903083589135661,0.7710870758090468,0.25938902796131114,0.3342905756786597,1.436380743188179,0.1513357366894875,0.9151225,0.0003,0.95,0.3910607406072522
Reinforcement_Learning,Coiflets,coif4,PPO,DIX_GEX,2,Advanced,Long-Only,50000,1596308174,0.27299498262899935,-0.052932496879836984,0.7971173361320212,0.07267518252695516,0.33639395095444014,0.53737658674189,-0.09903083589135661,0.7710870758090468,0.25938902796131114,0.3342905756786597,1.436380743188179,0.1513357366894875,0.9151225,0.0001,0.99,0.7433550156722369
Reinforcement_Learning,Coiflets,coif4,PPO,DIX_VIX,2,Advanced,Long-Only,50000,3532914971,0.27299498262899935,-0.052932496879836984,0.7971173361320212,0.07267518252695516,0.33639395095444014,0.53737658674189,-0.09903083589135661,0.7710870758090468,0.25938902796131114,0.3342905756786597,1.436380743188179,0.1513357366894875,0.9151225,0.0001,0.99,0.7433550156722369
Reinforcement_Learning,Coiflets,coif4,PPO,GEX_VIX,2,Advanced,Long-Only,50000,3535342022,0.1584872696560505,-0.16199218371039462,0.5094090535688501,0.030132790173195697,0.2373723681640625,0.13399153737658676,-0.12144010031973267,0.5480725636411143,0.13009728235724016,0.27191287486788435,0.9771396218884902,0.3288337854630551,0.411405302734375,0.0003,0.95,0.6693625454646597
Reinforcement_Learning,Coiflets,coif4,PPO,DIX_GEX_VIX,3,Advanced,Long-Only,50000,2149589215,0.27299498262899935,-0.052932496879836984,0.7971173361320212,0.07267518252695516,0.33639395095444014,0.53737658674189,-0.09903083589135661,0.7710870758090468,0.25938902796131114,0.3342905756786597,1.436380743188179,0.1513357366894875,0.9151225,0.0001,0.99,0.7433550156722369
Reinforcement_Learning,Coiflets,coif4,A2C,DIX,1,Advanced,Long-Only,50000,24784833,0.27299498262899935,-0.052932496879836984,0.7971173361320212,0.07267518252695516,0.33639395095444014,0.53737658674189,-0.09903083589135661,0.7710870758090468,0.25938902796131114,0.3342905756786597,1.436380743188179,0.1513357366894875,0.9151225,0.0001,0.95,0.7433550156722369
Reinforcement_Learning,Coiflets,coif4,A2C,GEX,1,Advanced,Long-Only,50000,1831886949,0.27299498262899935,-0.052932496879836984,0.7971173361320212,0.07267518252695516,0.33639395095444014,0.53737658674189,-0.09903083589135661,0.7710870758090468,0.25938902796131114,0.3342905756786597,1.436380743188179,0.1513357366894875,0.9151225,0.0001,0.95,0.7433550156722369
Reinforcement_Learning,Coiflets,coif4,A2C,VIX,1,Advanced,Long-Only,50000,1201749431,0.27299498262899935,-0.052932496879836984,0.7971173361320212,0.07267518252695516,0.33639395095444014,0.53737658674189,-0.09903083589135661,0.7710870758090468,0.25938902796131114,0.3342905756786597,1.436380743188179,0.1513357366894875,0.9151225,0.0001,0.95,0.7433550156722369
Reinforcement_Learning,Coiflets,coif4,A2C,DIX_GEX,2,Advanced,Long-Only,50000,1847883798,0.27299498262899935,-0.052932496879836984,0.7971173361320212,0.07267518252695516,0.33639395095444014,0.53737658674189,-0.09903083589135661,0.7710870758090468,0.25938902796131114,0.3342905756786597,1.436380743188179,0.1513357366894875,0.9151225,0.0001,0.95,0.7433550156722369
Reinforcement_Learning,Coiflets,coif4,A2C,DIX_VIX,2,Advanced,Long-Only,50000,1787374490,0.27299498262899935,-0.052932496879836984,0.7971173361320212,0.07267518252695516,0.33639395095444014,0.53737658674189,-0.09903083589135661,0.7710870758090468,0.25938902796131114,0.3342905756786597,1.436380743188179,0.1513357366894875,0.9151225,0.0001,0.95,0.7433550156722369
Reinforcement_Learning,Coiflets,coif4,A2C,GEX_VIX,2,Advanced,Long-Only,50000,2120795592,0.27299498262899935,-0.052932496879836984,0.7971173361320212,0.07267518252695516,0.33639395095444014,0.53737658674189,-0.09903083589135661,0.7710870758090468,0.25938902796131114,0.3342905756786597,1.436380743188179,0.1513357366894875,0.9151225,0.0001,0.95,0.7433550156722369
Reinforcement_Learning,Coiflets,coif4,A2C,DIX_GEX_VIX,3,Advanced,Long-Only,50000,1418239804,0.27299498262899935,-0.052932496879836984,0.7971173361320212,0.07267518252695516,0.33639395095444014,0.53737658674189,-0.09903083589135661,0.7710870758090468,0.25938902796131114,0.3342905756786597,1.436380743188179,0.1513357366894875,0.9151225,0.0001,0.95,0.7433550156722369
Reinforcement_Learning,Coiflets,coif4,DQN,DIX,1,Advanced,Long-Only,50000,1129657247,0.16158909937068577,0.015289890419548757,0.4864224776433081,0.03602292978967558,0.36272422589087544,0.34132581100141046,-0.14958995346076423,0.3756531271155438,0.13625848973647225,0.3360745703342592,0.9150730577121309,0.3604648241937243,0.4331928857421875,5e-05,0.99,0.5659469422755224
Reinforcement_Learning,Coiflets,coif4,DQN,GEX,1,Advanced,Long-Only,50000,1336674323,0.020507909683015822,-0.20490850600215496,-0.016870587647695463,-0.0007405743920858199,0.30149240234375,0.04936530324400564,-0.17806833389604865,-0.07040140582957988,-0.021225488971937323,0.2818948604118209,0.09064331441902197,0.9278016510982583,-0.05865517578125,5e-05,0.99,0.023553701680858463
Reinforcement_Learning,Coiflets,coif4,DQN,VIX,1,Advanced,Long-Only,50000,3736690566,0.3011092026324717,-0.050649539877872414,0.9597541275717999,0.08735914350577688,0.282851363545778,0.5246826516220028,-0.0902204011143841,1.0845565883530688,0.30676830985822257,0.30722921187657315,1.7178196073616134,0.08626677333049071,1.1251271875,0.0003,0.95,0.9789195297165459
Reinforcement_Learning,Coiflets,coif4,DQN,DIX_GEX,2,Advanced,Long-Only,50000,1477945253,0.1691537833052643,-0.10092016402486007,0.7144522647878716,0.0384836506632852,0.1771706161771913,0.09732016925246827,-0.11198723178312064,0.9342319322747805,0.16551844709353092,0.21934440070442185,1.350372688699185,0.17732795018883452,0.53962541015625,5e-05,0.99,0.1418322939657239
Reinforcement_Learning,Coiflets,coif4,DQN,DIX_VIX,2,Advanced,Long-Only,50000,3855615464,0.09873869808659286,0.029382694121628236,0.5340780758287541,0.03445584893263401,0.2983896271419703,0.3145275035260931,-0.08785087048368338,0.3661960734245711,0.10926910981001137,0.1916599140636081,1.0701123052323656,0.2849334377027661,0.3393365869140625,0.0001,0.95,0.552357482306709
Reinforcement_Learning,Coiflets,coif4,DQN,GEX_VIX,2,Advanced,Long-Only,50000,307209322,0.0793749020713872,-0.15827481797739212,0.23548921946822154,0.011409885883114637,0.22216160612554434,0.06064880112834979,-0.15333874125216804,0.22797498928021923,0.05064728977494726,0.254197773354099,0.5265971016405668,0.5986383377082356,0.149354736328125,5e-05,0.99,0.005419674698087906
Reinforcement_Learning,Coiflets,coif4,DQN,DIX_GEX_VIX,3,Advanced,Long-Only,50000,3226446151,0.07993406209717194,-0.08978576237328602,0.3028350081863699,0.011379239337667836,0.19978240234375,0.0380818053596615,-0.1518847120888875,0.33288903380318097,0.0665053708870893,0.22739830866839292,0.6550218852274475,0.5126664149477534,0.198905009765625,0.0003,0.95,-0.023816037099811227
Reinforcement_Learning,Biorthogonal,bior1.1,PPO,DIX,1,Advanced,Long-Only,50000,574198242,0.25961957906566946,-0.04279834020527858,0.762988841588504,0.06893922874742928,0.3485530710515328,0.5260930888575458,-0.10297136420340786,0.7020243954714602,0.24469275899467324,0.33335071139795075,1.3794585482354687,0.16818895642514448,0.8528227392578125,0.0003,0.95,0.7433550156722369
Reinforcement_Learning,Biorthogonal,bior1.1,PPO,GEX,1,Advanced,Long-Only,50000,182869423,0.11193696315693358,-0.10549217665357598,0.324546957161474,0.01925101355006749,0.29327845639083705,0.1607898448519041,-0.13594248851509672,0.2600337384744175,0.07626229342931579,0.3048267363276841,0.6539685671960712,0.5133444075290983,0.230064970703125,0.0001,0.99,0.7433550156722369
Reinforcement_Learning,Biorthogonal,bior1.1,PPO,VIX,1,Advanced,Long-Only,50000,1440510431,0.27299498262899935,-0.052932496879836984,0.7971173361320212,0.07267518252695516,0.33639395095444014,0.53737658674189,-0.09903083589135661,0.7710870758090468,0.25938902796131114,0.3342905756786597,1.436380743188179,0.1513357366894875,0.9151225,0.0003,0.95,0.7433550156722369
Reinforcement_Learning,Biorthogonal,bior1.1,PPO,DIX_GEX,2,Advanced,Long-Only,50000,711367192,0.27299498262899935,-0.052932496879836984,0.7971173361320212,0.07267518252695516,0.33639395095444014,0.53737658674189,-0.09903083589135661,0.7710870758090468,0.25938902796131114,0.3342905756786597,1.436380743188179,0.1513357366894875,0.9151225,0.0001,0.99,0.7433550156722369
Reinforcement_Learning,Biorthogonal,bior1.1,PPO,DIX_VIX,2,Advanced,Long-Only,50000,4002471058,0.27299498262899935,-0.052932496879836984,0.7971173361320212,0.07267518252695516,0.33639395095444014,0.53737658674189,-0.09903083589135661,0.7710870758090468,0.25938902796131114,0.3342905756786597,1.436380743188179,0.1513357366894875,0.9151225,0.0001,0.99,0.7433550156722369
Reinforcement_Learning,Biorthogonal,bior1.1,PPO,GEX_VIX,2,Advanced,Long-Only,50000,1801593137,0.16427917316531038,-0.15209969749810148,0.5385263976917312,0.03262905313913686,0.2373723681640625,0.14527503526093088,-0.11878051508067193,0.583421408168285,0.13848812129451793,0.2702308592138003,1.02671243110215,0.3049065377140703,0.441130546875,0.0001,0.99,0.7433550156722369
Reinforcement_Learning,Biorthogonal,bior1.1,PPO,DIX_GEX_VIX,3,Advanced,Long-Only,50000,1573176611,0.24557632726793632,-0.05613870089340296,0.7004736694938318,0.061581352511412085,0.33639395095444014,0.47390691114245415,-0.1076124629004528,0.6611349867688043,0.22240181031336959,0.3407049657031538,1.2725021768956515,0.203612488051695,0.760848291015625,0.0001,0.99,0.7433550156722369
Reinforcement_Learning,Biorthogonal,bior1.1,A2C,DIX,1,Advanced,Long-Only,50000,449458911,0.27299498262899935,-0.052932496879836984,0.7971173361320212,0.07267518252695516,0.33639395095444014,0.53737658674189,-0.09903083589135661,0.7710870758090468,0.25938902796131114,0.3342905756786597,1.436380743188179,0.1513357366894875,0.9151225,0.0001,0.95,0.7433550156722369
Reinforcement_Learning,Biorthogonal,bior1.1,A2C,GEX,1,Advanced,Long-Only,50000,2655559184,0.27299498262899935,-0.052932496879836984,0.7971173361320212,0.07267518252695516,0.33639395095444014,0.53737658674189,-0.09903083589135661,0.7710870758090468,0.25938902796131114,0.3342905756786597,1.436380743188179,0.1513357366894875,0.9151225,5e-05,0.99,0.2555401932025998
Reinforcement_Learning,Biorthogonal,bior1.1,A2C,VIX,1,Advanced,Long-Only,50000,392433714,0.27299498262899935,-0.052932496879836984,0.7971173361320212,0.07267518252695516,0.33639395095444014,0.53737658674189,-0.09903083589135661,0.7710870758090468,0.25938902796131114,0.3342905756786597,1.436380743188179,0.1513357366894875,0.9151225,0.0001,0.95,0.7433550156722369
Reinforcement_Learning,Biorthogonal,bior1.1,A2C,DIX_GEX,2,Advanced,Long-Only,50000,329400699,0.27299498262899935,-0.052932496879836984,0.7971173361320212,0.07267518252695516,0.33639395095444014,0.53737658674189,-0.09903083589135661,0.7710870758090468,0.25938902796131114,0.3342905756786597,1.436380743188179,0.1513357366894875,0.9151225,0.0001,0.95,0.7433550156722369
Reinforcement_Learning,Biorthogonal,bior1.1,A2C,DIX_VIX,2,Advanced,Long-Only,50000,1663017562,0.27299498262899935,-0.052932496879836984,0.7971173361320212,0.07267518252695516,0.33639395095444014,0.53737658674189,-0.09903083589135661,0.7710870758090468,0.25938902796131114,0.3342905756786597,1.436380743188179,0.1513357366894875,0.9151225,0.0001,0.95,0.7433550156722369
Reinforcement_Learning,Biorthogonal,bior1.1,A2C,GEX_VIX,2,Advanced,Long-Only,50000,3434241082,0.27299498262899935,-0.052932496879836984,0.7971173361320212,0.07267518252695516,0.33639395095444014,0.53737658674189,-0.09903083589135661,0.7710870758090468,0.25938902796131114,0.3342905756786597,1.436380743188179,0.1513357366894875,0.9151225,0.0001,0.95,0.7433550156722369
Reinforcement_Learning,Biorthogonal,bior1.1,A2C,DIX_GEX_VIX,3,Advanced,Long-Only,50000,3939251487,0.27299498262899935,-0.052932496879836984,0.7971173361320212,0.07267518252695516,0.33639395095444014,0.53737658674189,-0.09903083589135661,0.7710870758090468,0.25938902796131114,0.3342905756786597,1.436380743188179,0.1513357366894875,0.9151225,0.0001,0.95,0.7433550156722369
Reinforcement_Learning,Biorthogonal,bior1.1,DQN,DIX,1,Advanced,Long-Only,50000,1182770436,0.2644867973548775,0.04484159014116246,0.8898976142989928,0.077456738846638,0.29426688077006047,0.4894217207334274,-0.09615447193039794,0.938439505678421,0.2761516661273864,0.30342301849124415,1.6020974316184493,0.10958010017378848,0.987812900390625,0.0001,0.95,0.6058316520059878
Reinforcement_Learning,Biorthogonal,bior1.1,DQN,GEX,1,Advanced,Long-Only,50000,875111794,0.08934349005001409,-0.15771653527472132,0.28215282835030386,0.013366693783866042,0.20920088850592142,0.06346967559943582,-0.14611956399827003,0.2994285995628133,0.0626407290726243,0.2477318961685692,0.6082550093541607,0.543213429893423,0.186705068359375,5e-05,0.99,-0.06475979950577443
Reinforcement_Learning,Biorthogonal,bior1.1,DQN,VIX,1,Advanced,Long-Only,50000,20120442,0.09903030568340589,-0.14461251608347397,0.32458101158926844,0.012655533076924944,0.21388196354737218,0.047954866008462625,-0.14141015672936016,0.3451777340027334,0.07382729152133716,0.2501708128843141,0.6780523351867803,0.4979600455881128,0.2222401611328125,5e-05,0.99,0.31929527007347697
Reinforcement_Learning,Biorthogonal,bior1.1,DQN,DIX_GEX,2,Advanced,Long-Only,50000,3258864708,0.09339361748037421,-0.15993832506351355,0.2907341753007104,0.014031356922245214,0.20362668862745706,0.06629055007052186,-0.14788482289972982,0.3202944174927255,0.06522049161990395,0.2534082996971505,0.619607533419872,0.5357155482332008,0.1948399560546875,0.0001,0.95,0.5862363085909785
Reinforcement_Learning,Biorthogonal,bior1.1,DQN,DIX_VIX,2,Advanced,Long-Only,50000,3351805899,0.19636219353253986,-0.092501966428184,0.5274808799932281,0.04194529542094713,0.3658416851445062,0.3610719322990127,-0.13017539280035498,0.4239639250576956,0.1551036767835865,0.3506428764796951,0.9797493158761854,0.32754453706947273,0.5011776416015625,5e-05,0.99,0.7053687691093762
Reinforcement_Learning,Biorthogonal,bior1.1,DQN,GEX_VIX,2,Advanced,Long-Only,50000,3488853830,0.17458957721795787,-0.10711371327173622,0.714176857699306,0.047903678914577065,0.19807383981030133,0.19605077574047955,-0.10626341312952259,0.8539144059226932,0.16913810525044015,0.2259710309478351,1.345429186070653,0.1789174099198905,0.553135126953125,5e-05,0.99,0.34225358247247145
Reinforcement_Learning,Biorthogonal,bior1.1,DQN,DIX_GEX_VIX,3,Advanced,Long-Only,50000,3869162261,0.17049405002845486,-0.10683860752506813,0.6816433977716734,0.040125596668541555,0.1813004218413565,0.12411847672778561,-0.10976879709926607,0.9001458716307361,0.163196826245408,0.2307976172868307,1.2877953580933854,0.19823796807334232,0.531000419921875,5e-05,0.99,-0.05053271488025535
Reinforcement_Learning,Biorthogonal,bior2.2,PPO,DIX,1,Advanced,Long-Only,50000,1816093086,0.27299498262899935,-0.052932496879836984,0.7971173361320212,0.07267518252695516,0.33639395095444014,0.53737658674189,-0.09903083589135661,0.7710870758090468,0.25938902796131114,0.3342905756786597,1.436380743188179,0.1513357366894875,0.9151225,0.0001,0.99,0.6910253799413173
Reinforcement_Learning,Biorthogonal,bior2.2,PPO,GEX,1,Advanced,Long-Only,50000,1523017062,0.14229688154690628,-0.17615242474095985,0.4175440718485455,0.02556121555597985,0.2373723681640625,0.15655853314527504,-0.12591692328391363,0.4418761041999217,0.10488917728904545,0.28878063785538216,0.8159576812673142,0.41479876824512885,0.3244902734375,0.0003,0.95,0.3662172019401081
Reinforcement_Learning,Biorthogonal,bior2.2,PPO,VIX,1,Advanced,Long-Only,50000,1193551918,0.204584769857206,-0.08380243246897519,0.5422144650994098,0.04182946461807887,0.35420617725170545,0.32722143864598024,-0.12978716969422094,0.4594692251201968,0.16274683779462817,0.35825782500248005,1.002413076969133,0.31648659795517675,0.529332294921875,0.0003,0.95,0.7433550156722369
Reinforcement_Learning,Biorthogonal,bior2.2,PPO,DIX_GEX,2,Advanced,Long-Only,50000,2773278974,0.16845942377541498,-0.10531802273764442,0.4140806807550362,0.031140246506636063,0.37466270886324315,0.2849083215796897,-0.1501511593568024,0.299515691741713,0.1122173604149983,0.37546915231348915,0.7833505718785141,0.43368323178657053,0.3493902294921875,0.0003,0.95,-0.3807088729663906
Reinforcement_Learning,Biorthogonal,bior2.2,PPO,DIX_VIX,2,Advanced,Long-Only,50000,4088381413,0.27299498262899935,-0.052932496879836984,0.7971173361320212,0.07267518252695516,0.33639395095444014,0.53737658674189,-0.09903083589135661,0.7710870758090468,0.25938902796131114,0.3342905756786597,1.436380743188179,0.1513357366894875,0.9151225,0.0001,0.99,0.7433550156722369
Reinforcement_Learning,Biorthogonal,bior2.2,PPO,GEX_VIX,2,Advanced,Long-Only,50000,1604226299,0.27299498262899935,-0.052932496879836984,0.7971173361320212,0.07267518252695516,0.33639395095444014,0.53737658674189,-0.09903083589135661,0.7710870758090468,0.25938902796131114,0.3342905756786597,1.436380743188179,0.1513357366894875,0.9151225,0.0001,0.99,0.7433550156722369
Reinforcement_Learning,Biorthogonal,bior2.2,PPO,DIX_GEX_VIX,3,Advanced,Long-Only,50000,4028513059,0.16931058082564973,-0.11219896275672908,0.4253348138112515,0.030471062368285826,0.36643472423664,0.25811001410437234,-0.14667049859040784,0.3170720142892382,0.11618619611923298,0.36554099794229694,0.8046392976975265,0.42129796648932283,0.3630007958984375,0.0001,0.99,0.7433550156722369
Reinforcement_Learning,Biorthogonal,bior2.2,A2C,DIX,1,Advanced,Long-Only,50000,681678771,0.27299498262899935,-0.052932496879836984,0.7971173361320212,0.07267518252695516,0.33639395095444014,0.53737658674189,-0.09903083589135661,0.7710870758090468,0.25938902796131114,0.3342905756786597,1.436380743188179,0.1513357366894875,0.9151225,0.0001,0.95,0.7433550156722369
Reinforcement_Learning,Biorthogonal,bior2.2,A2C,GEX,1,Advanced,Long-Only,50000,879345457,0.12640376364651912,-0.11803850443168333,0.3061242043678602,0.02436567344650781,0.3759449769841307,0.38787023977433005,-0.13902432455884228,0.18196880922533107,0.06841025979604676,0.3653762851250468,0.6048641774627871,0.5454630498095417,0.20494802734375,0.0001,0.95,0.7433550156722369
Reinforcement_Learning,Biorthogonal,bior2.2,A2C,VIX,1,Advanced,Long-Only,50000,3330577351,0.27299498262899935,-0.052932496879836984,0.7971173361320212,0.07267518252695516,0.33639395095444014,0.53737658674189,-0.09903083589135661,0.7710870758090468,0.25938902796131114,0.3342905756786597,1.436380743188179,0.1513357366894875,0.9151225,0.0001,0.95,0.7433550156722369
Reinforcement_Learning,Biorthogonal,bior2.2,A2C,DIX_GEX,2,Advanced,Long-Only,50000,3566483948,0.2675011036607096,-0.05366524747642952,0.7752279764643722,0.07059755395471205,0.33639395095444014,0.5345557122708039,-0.10112321146580351,0.7475812633002261,0.2514818148210747,0.33652628597318124,1.3990243775622722,0.16224359762550666,0.881437451171875,0.0001,0.95,0.9649510148569216
Reinforcement_Learning,Biorthogonal,bior2.2,A2C,DIX_VIX,2,Advanced,Long-Only,50000,2680283257,0.27299498262899935,-0.052932496879836984,0.7971173361320212,0.07267518252695516,0.33639395095444014,0.53737658674189,-0.09903083589135661,0.7710870758090468,0.25938902796131114,0.3342905756786597,1.436380743188179,0.1513357366894875,0.9151225,0.0001,0.95,0.7433550156722369
Reinforcement_Learning,Biorthogonal,bior2.2,A2C,GEX_VIX,2,Advanced,Long-Only,50000,939094086,0.18545860027710356,-0.08085919308025434,0.46579241120612447,0.03653566653427002,0.3843165232013554,0.3511988716502116,-0.14177509303018315,0.3480217210219558,0.1337504978217101,0.3767542791857414,0.8697233319186642,0.38474637506566345,0.4242980078125,0.0001,0.95,0.7433550156722369
Reinforcement_Learning,Biorthogonal,bior2.2,A2C,DIX_GEX_VIX,3,Advanced,Long-Only,50000,2903885418,0.2675011036607096,-0.05366524747642952,0.7752279764643722,0.07059755395471205,0.33639395095444014,0.5345557122708039,-0.10112321146580351,0.7475812633002261,0.2514818148210747,0.33652628597318124,1.3990243775622722,0.16224359762550666,0.881437451171875,0.0001,0.95,0.7433550156722369
Reinforcement_Learning,Biorthogonal,bior2.2,DQN,DIX,1,Advanced,Long-Only,50000,109574433,0.1461485769117137,0.01201255712080106,0.4119553783869242,0.03310829902735846,0.4031958891523245,0.4033850493653032,-0.15632537084187026,0.27326584959174843,0.11017966720111039,0.35836316380554256,0.7840500554831007,0.4332729663481175,0.3424364453125,0.0001,0.95,0.9217661701232099
Reinforcement_Learning,Biorthogonal,bior2.2,DQN,GEX,1,Advanced,Long-Only,50000,2163665803,0.08186957631491003,-0.1309218102023743,0.2884497202798143,0.010641860243678771,0.19978240234375,0.036671368124118475,-0.14785835284571952,0.316120577309208,0.06315532836512672,0.22786614160418095,0.6306071213397362,0.5285009340853194,0.1883249169921875,0.0001,0.95,-0.09771086475222884
Reinforcement_Learning,Biorthogonal,bior2.2,DQN,VIX,1,Advanced,Long-Only,50000,2997737703,0.10949984400186122,-0.17664524617864444,0.530352637038642,0.01863601742647371,0.0820403175952692,0.023977433004231313,-0.07437312330524071,1.2160058205624467,0.09976150371663906,0.1654009778396614,1.091636469710037,0.2753642588074401,0.3072447998046875,0.0003,0.95,0.5163900333526336
Reinforcement_Learning,Biorthogonal,bior2.2,DQN,DIX_GEX,2,Advanced,Long-Only,50000,2288771261,0.0736230315172363,-0.1689405460389363,0.20511816783341288,0.009458665268248798,0.20563955135667622,0.05782792665726375,-0.15488397799027598,0.20643253268470563,0.042450693406705264,0.2573831614434449,0.4740581180357308,0.6356046229845742,0.1242702490234375,5e-05,0.99,0.037112722038006585
Reinforcement_Learning,Biorthogonal,bior2.2,DQN,DIX_VIX,2,Advanced,Long-Only,50000,3015246970,0.27299498262899935,-0.052932496879836984,0.7971173361320212,0.07267518252695516,0.33639395095444014,0.53737658674189,-0.09903083589135661,0.7710870758090468,0.25938902796131114,0.3342905756786597,1.436380743188179,0.1513357366894875,0.9151225,0.0001,0.95,0.536223697798557
Reinforcement_Learning,Biorthogonal,bior2.2,DQN,GEX_VIX,2,Advanced,Long-Only,50000,4264160417,0.06734361231787757,-0.16367981739071688,0.18576798996355118,0.009002707412852473,0.23923509187916478,0.06488011283497884,-0.15027154817453828,0.15609439274351888,0.03734325638981817,0.2538820098524629,0.44342021851079955,0.6575972810650355,0.108819814453125,5e-05,0.99,0.27043126875589973
Reinforcement_Learning,Biorthogonal,bior2.2,DQN,DIX_GEX_VIX,3,Advanced,Long-Only,50000,2043350871,0.17664274313482234,-0.1258104469734942,0.7204304956330213,0.04485843201818608,0.1735824839478853,0.1325811001410437,-0.10958967881853492,0.9764747159526868,0.1694989067073731,0.22365972060892234,1.3574443825782738,0.1750725786176105,0.554485927734375,0.0001,0.95,0.042022113815103485
Classical,Daubechies,db1,XGBoost,DIX_GEX_VIX,3,None,Long-Only,0,0,-0.02235205574812968,3.249647390691114,0.4708307539619275,0.03585872748988334,0.39337082129905443,0.2802816901408451,-0.1508694489979202,0.34372791711243567,0.13521253305793213,0.3666429735966145,0.8812439793986985,0.3784844169295619,0.4301985104999968,0.0,0.0,0.0
Classical,Daubechies,db1,Random_Forest,DIX_GEX_VIX,3,None,Long-Only,0,0,0.8932063679084522,-12.276445698166432,0.41319308875834504,0.030745923986423902,0.41490936817941604,0.27605633802816903,-0.15764895556466885,0.270599240501452,0.11227415990628731,0.37904706123984766,0.7815714274584364,0.4347273918533048,0.350154375,0.0,0.0,0.0
Classical,Daubechies,db1,Logistic_Regression,DIX_GEX_VIX,3,None,Long-Only,0,0,-0.68977465588374,16.3836389280677,0.9237257442211004,0.07634027752065119,0.3363939510589189,0.3901408450704225,-0.09022040122376183,0.8932828473305001,0.30049494642666796,0.3174575155395172,1.6550821363496242,0.09835038617128745,1.0986956324999975,0.0,0.0,0.0
Classical,Daubechies,db1,Buy_and_Hold,DIX_GEX_VIX,3,None,Long-Only,0,0,-0.15331786637570124,4.610169491525424,0.7106807312322667,0.06344421500450438,0.1890220779115093,0.53737658674189,-0.05974961641947037,0.7229434287570907,0.13665226911613648,0.17348479802181305,1.3844516611559283,0.16665637310658188,0.4345927149266025,0.0,0.0,0.0
Classical,Daubechies,db1,Moving_Average,DIX_GEX_VIX,3,None,Long-Only,0,0,-0.4186926814737542,8.665726375176305,0.4572085889266306,0.03358656513077964,0.21359357955653074,0.33098591549295775,-0.062088159632719124,0.47457309477476256,0.10136576607416226,0.22145450345656564,0.9183818779089853,0.3587312886544347,0.3131276264999999,0.0,0.0,0.0
Classical,Daubechies,db2,XGBoost,DIX_GEX_VIX,3,None,Long-Only,0,0,0.298161693731398,-2.708039492242595,0.3554249060381091,0.027514335069148722,0.44917247566430163,0.2887323943661972,-0.15444730090468714,0.19605931993949224,0.0880644501142811,0.38173836974242475,0.6840501939847037,0.4941669837987628,0.2688736974999987,0.0,0.0,0.0
Classical,Daubechies,db2,Random_Forest,DIX_GEX_VIX,3,None,Long-Only,0,0,-0.6339364859498853,13.179125528913962,0.4148165687909419,0.030526454910817732,0.4292306491457535,0.2661971830985915,-0.15556126875323104,0.26293689910334855,0.11286057588650178,0.3780250298150014,0.7845338447358443,0.4329889729408595,0.3521637220000004,0.0,0.0,0.0
Classical,Daubechies,db2,Logistic_Regression,DIX_GEX_VIX,3,None,Long-Only,0,0,-0.07597661633655117,5.9125528913963326,0.8666604637765449,0.07133691873720913,0.3363939510589189,0.38309859154929576,-0.09367248387888484,0.8329269360877435,0.28019158297395563,0.3216675604797255,1.5579807965419876,0.11968403744205706,1.0075605744999985,0.0,0.0,0.0
Classical,Daubechies,db2,Buy_and_Hold,DIX_GEX_VIX,3,None,Long-Only,0,0,-0.15331786637570124,4.610169491525424,0.7106807312322667,0.06344421500450438,0.1890220779115093,0.53737658674189,-0.05974961641947037,0.7229434287570907,0.13665226911613648,0.17348479802181305,1.3844516611559283,0.16665637310658188,0.4345927149266025,0.0,0.0,0.0
Classical,Daubechies,db2,Moving_Average,DIX_GEX_VIX,3,None,Long-Only,0,0,-0.4186926814737542,8.665726375176305,0.4572085889266306,0.03358656513077964,0.21359357955653074,0.33098591549295775,-0.062088159632719124,0.47457309477476256,0.10136576607416226,0.22145450345656564,0.9183818779089853,0.3587312886544347,0.3131276264999999,0.0,0.0,0.0
Classical,Daubechies,db4,XGBoost,DIX_GEX_VIX,3,None,Long-Only,0,0,-0.5855675246158566,12.637517630465444,0.47813862709626614,0.035825537165348496,0.3607111355531899,0.27605633802816903,-0.1392388690147977,0.38013385951732653,0.13711851612871162,0.36115788063553095,0.8948914375413702,0.3711488194615248,0.4369838424999983,0.0,0.0,0.0
Classical,Daubechies,db4,Random_Forest,DIX_GEX_VIX,3,None,Long-Only,0,0,0.009104334491478242,3.249647390691114,0.653601835896308,0.04781066766822776,0.34798971224028763,0.27887323943661974,-0.11719453528060851,0.5520423449127251,0.19210505675063283,0.3122438872177866,1.203755147387219,0.22908597347161794,0.6417839129999996,0.0,0.0,0.0
Classical,Daubechies,db4,Logistic_Regression,DIX_GEX_VIX,3,None,Long-Only,0,0,-0.28676662571348704,9.478138222849083,0.8796526923143253,0.0725739795329156,0.3363939510589189,0.3845070422535211,-0.09259886357702939,0.8462914425859995,0.2846873221188566,0.32049201931700466,1.5801557992525173,0.11451718817396399,1.0275155839999979,0.0,0.0,0.0
Classical,Daubechies,db4,Buy_and_Hold,DIX_GEX_VIX,3,None,Long-Only,0,0,-0.15331786637570124,4.610169491525424,0.7106807312322667,0.06344421500450438,0.1890220779115093,0.53737658674189,-0.05974961641947037,0.7229434287570907,0.13665226911613648,0.17348479802181305,1.3844516611559283,0.16665637310658188,0.4345927149266025,0.0,0.0,0.0
Classical,Daubechies,db4,Moving_Average,DIX_GEX_VIX,3,None,Long-Only,0,0,-0.4186926814737542,8.665726375176305,0.4572085889266306,0.03358656513077964,0.21359357955653074,0.33098591549295775,-0.062088159632719124,0.47457309477476256,0.10136576607416226,0.22145450345656564,0.9183818779089853,0.3587312886544347,0.3131276264999999,0.0,0.0,0.0
Classical,Symlets,sym4,XGBoost,DIX_GEX_VIX,3,None,Long-Only,0,0,1.3124571731758599,-19.15937940761636,0.470488251756702,0.0341578566794074,0.3811417990043964,0.2619718309859155,-0.13988781736313236,0.34618586964970416,0.1319459051481897,0.34622417905370745,0.8860656116794678,0.3758826002632999,0.4186174279999986,0.0,0.0,0.0
Classical,Symlets,sym4,Random_Forest,DIX_GEX_VIX,3,None,Long-Only,0,0,-0.80685079533377,16.24823695345557,0.4843574454533663,0.036111296398170824,0.38208323411205075,0.271830985915493,-0.1375471622287018,0.35978496661052417,0.13746780362744526,0.3469409285455968,0.9091288845858521,0.363591030224653,0.43822956050000006,0.0,0.0,0.0
Classical,Symlets,sym4,Logistic_Regression,DIX_GEX_VIX,3,None,Long-Only,0,0,0.44186377894574985,-3.012693935119887,0.7983747411199548,0.06570046290324424,0.3363939510589189,0.37746478873239436,-0.09984867206652802,0.7601379917730351,0.25570582240252326,0.3270420886215468,1.4417280753764545,0.14982064131195486,0.9011009064999976,0.0,0.0,0.0
Classical,Symlets,sym4,Buy_and_Hold,DIX_GEX_VIX,3,None,Long-Only,0,0,-0.15331786637570124,4.610169491525424,0.7106807312322667,0.06344421500450438,0.1890220779115093,0.53737658674189,-0.05974961641947037,0.7229434287570907,0.13665226911613648,0.17348479802181305,1.3844516611559283,0.16665637310658188,0.4345927149266025,0.0,0.0,0.0
Classical,Symlets,sym4,Moving_Average,DIX_GEX_VIX,3,None,Long-Only,0,0,-0.4186926814737542,8.665726375176305,0.4572085889266306,0.03358656513077964,0.21359357955653074,0.33098591549295775,-0.062088159632719124,0.47457309477476256,0.10136576607416226,0.22145450345656564,0.9183818779089853,0.3587312886544347,0.3131276264999999,0.0,0.0,0.0
Classical,Coiflets,coif1,XGBoost,DIX_GEX_VIX,3,None,Long-Only,0,0,0.23699162868082702,-1.2637517630465445,0.4622803151380461,0.03301070987556231,0.3875464372950258,0.24647887323943662,-0.1385407126484508,0.33307835913143274,0.1290833314214599,0.34863375666322,0.8716283766175784,0.38370619789777805,0.40851874649999836,0.0,0.0,0.0
Classical,Coiflets,coif1,Random_Forest,DIX_GEX_VIX,3,None,Long-Only,0,0,-0.05345287677492534,4.062059238363893,0.575315277871951,0.04309608391484559,0.35541888896079155,0.27887323943661974,-0.12637451400457236,0.4756031474624703,0.1690383422573667,0.3307241869722382,1.0664379804623925,0.286588706830539,0.5537244089999988,0.0,0.0,0.0
Classical,Coiflets,coif1,Logistic_Regression,DIX_GEX_VIX,3,None,Long-Only,0,0,0.8635323883140109,-9.974612129760226,0.8244640334680043,0.06775215412010517,0.32509981134266214,0.3788732394366197,-0.09797549611025395,0.8086598562028041,0.2628951666919159,0.3214884455462223,1.487260856809028,0.13739050373868206,0.9319709844999978,0.0,0.0,0.0
Classical,Coiflets,coif1,Buy_and_Hold,DIX_GEX_VIX,3,None,Long-Only,0,0,-0.15331786637570124,4.610169491525424,0.7106807312322667,0.06344421500450438,0.1890220779115093,0.53737658674189,-0.05974961641947037,0.7229434287570907,0.13665226911613648,0.17348479802181305,1.3844516611559283,0.16665637310658188,0.4345927149266025,0.0,0.0,0.0
Classical,Coiflets,coif1,Moving_Average,DIX_GEX_VIX,3,None,Long-Only,0,0,-0.4186926814737542,8.665726375176305,0.4572085889266306,0.03358656513077964,0.21359357955653074,0.33098591549295775,-0.062088159632719124,0.47457309477476256,0.10136576607416226,0.22145450345656564,0.9183818779089853,0.3587312886544347,0.3131276264999999,0.0,0.0,0.0
Classical,Coiflets,coif4,XGBoost,DIX_GEX_VIX,3,None,Long-Only,0,0,-0.09418347727070164,3.249647390691114,0.22420965157028655,0.016844815493978888,0.5277584772717354,0.2549295774647887,-0.2011741069675411,0.04616579884651359,0.02436439170126925,0.4495585514041408,0.45069927421809486,0.6523441004393019,0.07027788050000017,0.0,0.0,0.0
Classical,Coiflets,coif4,Random_Forest,DIX_GEX_VIX,3,None,Long-Only,0,0,0.17253630672480283,-0.30465444287729193,0.42677844833880996,0.0312608669585999,0.39797640848048615,0.2676056338028169,-0.1467757163322743,0.2926258049807734,0.11645816689495936,0.3614452434339047,0.8086687606272976,0.41897696636603565,0.3645330819999991,0.0,0.0,0.0
Classical,Coiflets,coif4,Logistic_Regression,DIX_GEX_VIX,3,None,Long-Only,0,0,-0.49817343536065306,12.637517630465444,0.7926352327138422,0.06499030153299278,0.3363939510589189,0.376056338028169,-0.10132400788778695,0.7550722278346395,0.25400173005615456,0.32811766589887,1.4317646805470359,0.15265185133666417,0.8938307699999976,0.0,0.0,0.0
Classical,Coiflets,coif4,Buy_and_Hold,DIX_GEX_VIX,3,None,Long-Only,0,0,-0.15331786637570124,4.610169491525424,0.7106807312322667,0.06344421500450438,0.1890220779115093,0.53737658674189,-0.05974961641947037,0.7229434287570907,0.13665226911613648,0.17348479802181305,1.3844516611559283,0.16665637310658188,0.4345927149266025,0.0,0.0,0.0
Classical,Coiflets,coif4,Moving_Average,DIX_GEX_VIX,3,None,Long-Only,0,0,-0.4186926814737542,8.665726375176305,0.4572085889266306,0.03358656513077964,0.21359357955653074,0.33098591549295775,-0.062088159632719124,0.47457309477476256,0.10136576607416226,0.22145450345656564,0.9183818779089853,0.3587312886544347,0.3131276264999999,0.0,0.0,0.0
Classical,Biorthogonal,bior1.1,XGBoost,DIX_GEX_VIX,3,None,Long-Only,0,0,-0.02235205574812968,3.249647390691114,0.4708307539619275,0.03585872748988334,0.39337082129905443,0.2802816901408451,-0.1508694489979202,0.34372791711243567,0.13521253305793213,0.3666429735966145,0.8812439793986985,0.3784844169295619,0.4301985104999968,0.0,0.0,0.0
Classical,Biorthogonal,bior1.1,Random_Forest,DIX_GEX_VIX,3,None,Long-Only,0,0,0.8932063679084522,-12.276445698166432,0.41319308875834504,0.030745923986423902,0.41490936817941604,0.27605633802816903,-0.15764895556466885,0.270599240501452,0.11227415990628731,0.37904706123984766,0.7815714274584364,0.4347273918533048,0.350154375,0.0,0.0,0.0
Classical,Biorthogonal,bior1.1,Logistic_Regression,DIX_GEX_VIX,3,None,Long-Only,0,0,-0.68977465588374,16.3836389280677,0.9237257442211004,0.07634027752065119,0.3363939510589189,0.3901408450704225,-0.09022040122376183,0.8932828473305001,0.30049494642666796,0.3174575155395172,1.6550821363496242,0.09835038617128745,1.0986956324999975,0.0,0.0,0.0
Classical,Biorthogonal,bior1.1,Buy_and_Hold,DIX_GEX_VIX,3,None,Long-Only,0,0,-0.15331786637570124,4.610169491525424,0.7106807312322667,0.06344421500450438,0.1890220779115093,0.53737658674189,-0.05974961641947037,0.7229434287570907,0.13665226911613648,0.17348479802181305,1.3844516611559283,0.16665637310658188,0.4345927149266025,0.0,0.0,0.0
Classical,Biorthogonal,bior1.1,Moving_Average,DIX_GEX_VIX,3,None,Long-Only,0,0,-0.4186926814737542,8.665726375176305,0.4572085889266306,0.03358656513077964,0.21359357955653074,0.33098591549295775,-0.062088159632719124,0.47457309477476256,0.10136576607416226,0.22145450345656564,0.9183818779089853,0.3587312886544347,0.3131276264999999,0.0,0.0,0.0
Classical,Biorthogonal,bior2.2,XGBoost,DIX_GEX_VIX,3,None,Long-Only,0,0,-0.03843324812270516,3.5204513399153736,0.5120715410535883,0.036994826525905286,0.36812755134406117,0.2577464788732394,-0.13185295176840384,0.3976733333923156,0.14639451045654361,0.337440803518769,0.9583372887255308,0.33821938067501933,0.47030325499999975,0.0,0.0,0.0
Classical,Biorthogonal,bior2.2,Random_Forest,DIX_GEX_VIX,3,None,Long-Only,0,0,0.14855221146983258,0.9026798307475317,0.6278481354925219,0.04576059995617099,0.33239553371803315,0.2802816901408451,-0.1205940351766654,0.5612363698694431,0.18655246270472503,0.3228694804606916,1.1570214833281278,0.2476532475100225,0.6202995420000004,0.0,0.0,0.0
Classical,Biorthogonal,bior2.2,Logistic_Regression,DIX_GEX_VIX,3,None,Long-Only,0,0,0.36430786974728346,-1.7150916784203103,0.8084832714774493,0.06614363735587483,0.32509981134266214,0.376056338028169,-0.1003574105738347,0.7923380927419056,0.25758896446999824,0.32332440047197203,1.4598630469834932,0.14477065053649973,0.9091558479999978,0.0,0.0,0.0
Classical,Biorthogonal,bior2.2,Buy_and_Hold,DIX_GEX_VIX,3,None,Long-Only,0,0,-0.15331786637570124,4.610169491525424,0.7106807312322667,0.06344421500450438,0.1890220779115093,0.53737658674189,-0.05974961641947037,0.7229434287570907,0.13665226911613648,0.17348479802181305,1.3844516611559283,0.16665637310658188,0.4345927149266025,0.0,0.0,0.0
Classical,Biorthogonal,bior2.2,Moving_Average,DIX_GEX_VIX,3,None,Long-Only,0,0,-0.4186926814737542,8.665726375176305,0.4572085889266306,0.03358656513077964,0.21359357955653074,0.33098591549295775,-0.062088159632719124,0.47457309477476256,0.10136576607416226,0.22145450345656564,0.9183818779089853,0.3587312886544347,0.3131276264999999,0.0,0.0,0.0
